profile,seconds,ladder,pokemon_count,runs,mean_final_streak_sim,mean_final_streak_exact,median,p75,p90,p95,p99,max_bucket_hit,bonus_cost_ev_per_entry,bonus_cost_ev_per_entry_exact,bonus_retail_ev_per_entry,bonus_retail_ev_per_entry_exact,player_total_retail_ev_per_entry,player_total_retail_ev_per_entry_exact,operator_cost_ev_per_entry,operator_cost_ev_per_entry_exact,operator_profit_ev_per_entry,operator_profit_ev_per_entry_exact,operator_margin,operator_margin_exact,operator_total_cost,operator_total_revenue,operator_total_profit
Experienced Pokemon Player,15,harder_user_ladder,1025,25000000,5.56597704,5.5664906301454975,5,9,11,12,16,39,0.8945539999999998,0.8938601349256288,1.3354697599999998,1.3344426436034749,23.33546976,23.334442643603474,16.894554,16.893860134925628,8.105446,8.106139865074372,0.32421784000000003,0.32424559460297486,422363850.0,625000000.0,202636150.0
Pokemon Collector,15,harder_user_ladder,1025,25000000,3.1104502,3.1100375242080815,2,5,7,9,12,34,0.147895,0.1476686968872349,0.22088444000000002,0.22053934153869514,22.22088444,22.220539341538696,16.147895,16.147668696887234,8.852105000000002,8.852331303112766,0.35408420000000007,0.35409325212451065,403697374.99999994,625000000.0,221302625.00000003
Novice,15,harder_user_ladder,1025,25000000,1.8557536,1.8552629680273482,1,3,5,6,9,29,0.02543416,0.025270923078050057,0.03799616,0.0377530711779078,22.03799616,22.037753071177907,16.02543416,16.02527092307805,8.97456584,8.97472907692195,0.3589826336,0.358989163076878,400635854.0,625000000.0,224364146.0
